,PC No,PC Name,No Of AC Segments,No Of Polling Station,Electors,Avg. No. of Electors Per PS,Nominations,Contestants,Forefeited Deposits,Voters,Voters Turn Out (%),State
0,1,Andaman & Nicobar Islands,1,407,318471,782,19,15,13,207398,65.12,Andaman & Nicobar Islands
1,1,Aruku ,7,2035,1451418,713,13,10,8,1078235,74.29,Andhra Pradesh
2,2,Srikakulam,7,2031,1553860,765,13,9,7,1164286,74.93,Andhra Pradesh
3,3,Vizianagaram,7,1887,1503980,797,17,14,12,1222433,81.28,Andhra Pradesh
4,4,Visakhapatnam,7,1915,1829300,955,24,14,11,1239921,67.78,Andhra Pradesh
5,5,Anakapalli,7,1799,1521363,846,14,10,8,1240456,81.54,Andhra Pradesh
6,6,Kakinada,7,1623,1563930,964,20,15,13,1236814,79.08,Andhra Pradesh
7,7,Amalapuram ,7,1641,1459556,889,13,10,7,1235368,84.64,Andhra Pradesh
8,8,Rajahmundry,7,1584,1534256,969,17,11,9,1250488,81.5,Andhra Pradesh
9,9,Narsapuram,7,1502,1439691,959,20,15,12,1179162,81.9,Andhra Pradesh
10,10,Eluru ,7,1771,1594950,901,14,10,8,1332210,83.53,Andhra Pradesh
11,11,Machilipatnam ,7,1752,1473347,841,18,12,10,1245552,84.54,Andhra Pradesh
12,12,Vijayawada,7,1709,1652994,967,21,15,13,1277775,77.3,Andhra Pradesh
13,13,Guntur,7,1804,1706119,946,27,19,17,1351527,79.22,Andhra Pradesh
14,14,Narasaraopet,7,1915,1670391,872,19,13,11,1440732,86.25,Andhra Pradesh
15,15,Bapatla ,7,1767,1468671,831,16,13,11,1269998,86.47,Andhra Pradesh
16,16,Ongole ,7,1931,1556469,806,17,13,11,1344003,86.35,Andhra Pradesh
17,17,Nandyal,7,1938,1603220,827,28,20,18,1299785,81.07,Andhra Pradesh
18,18,Kurnool,7,1843,1573009,854,17,16,14,1190672,75.69,Andhra Pradesh
19,19,Anantapur,7,1975,1664160,843,18,14,12,1348114,81.01,Andhra Pradesh
20,20,Hindupur,7,1909,1578218,827,12,9,7,1340027,84.91,Andhra Pradesh
21,21,Kadapa,7,1922,1570330,817,24,15,13,1235547,78.68,Andhra Pradesh
22,22,Nellore,7,1944,1672845,861,21,13,11,1289161,77.06,Andhra Pradesh
23,23,Tirupati ,7,1987,1650453,831,17,12,10,1316473,79.76,Andhra Pradesh
24,24,Rajampet,7,1892,1546938,818,20,9,7,1226152,79.26,Andhra Pradesh
25,25,Chittoor ,7,1883,1566499,832,10,8,6,1319635,84.24,Andhra Pradesh
26,1,ARUNACHAL WEST,33,1297,463775,358,7,7,6,364047,78.5,Arunachal Pradesh
27,2,ARUNACHAL EAST,27,905,339788,375,5,5,3,295719,87.03,Arunachal Pradesh
28,1,Karimganj ,8,1721,1340173,779,19,14,12,1061160,79.18,Assam
29,2,Silchar,7,1461,1195720,818,14,13,11,950690,79.51,Assam
30,3,Autonomous District,5,1174,795945,678,6,5,3,617858,77.63,Assam
31,4,Dhubri,10,2450,1858566,759,17,15,12,1685058,90.66,Assam
32,5,Kokrajhar,10,2347,1776358,757,12,9,6,1479744,83.3,Assam
33,6,Barpeta,10,2188,1685149,770,14,13,10,1458808,86.57,Assam
34,7,Gauhati,10,2592,2181319,842,19,17,15,1763950,80.87,Assam
35,8,Mangaldoi,10,2353,1800237,765,13,11,9,1506419,83.68,Assam
36,9,Tezpur,9,1880,1499639,798,10,7,5,1191885,79.48,Assam
37,10,Nowgong,9,2283,1794648,786,8,7,5,1493624,83.23,Assam
38,11,Kaliabor,10,2174,1734938,798,7,7,5,1424795,82.12,Assam
39,12,Jorhat,10,1753,1365035,779,8,8,6,1058820,77.57,Assam
40,13,Dibrugarh,9,1657,1314319,793,8,8,6,1015992,77.3,Assam
41,14,Lakhimpur,9,2110,1708013,809,12,11,9,1283950,75.17,Assam
42,1,Valmiki Nagar,6,1701,1665502,979,17,13,11,1032231,61.98,Bihar
43,2,Paschim Champaran,6,1647,1633824,992,18,9,7,1013373,62.02,Bihar
44,3,Purvi Champaran,6,1611,1658672,1030,25,22,20,1000135,60.3,Bihar
45,4,Sheohar,6,1670,1686215,1010,26,18,16,1004927,59.6,Bihar
46,5,Sitamarhi,6,1776,1752454,987,24,20,18,1039600,59.32,Bihar
47,6,Madhubani,6,1837,1792798,976,22,17,16,964706,53.81,Bihar
48,7,Jhanjharpur,6,1929,1852417,960,20,17,15,1062391,57.35,Bihar
49,8,Supaul,6,1770,1690620,955,24,20,18,1110996,65.72,Bihar
50,9,Araria,6,1723,1805439,1048,28,12,10,1169741,64.79,Bihar
51,10,Kishanganj,6,1626,1659651,1021,16,14,11,1101656,66.38,Bihar
52,11,Katihar,6,1667,1653353,992,17,9,7,1118289,67.64,Bihar
53,12,Purnia,6,1758,1765312,1004,17,16,14,1153989,65.37,Bihar
54,13,Madhepura,6,1940,1884883,972,18,13,11,1147652,60.89,Bihar
55,14,Darbhanga,6,1664,1654811,994,17,8,6,965510,58.35,Bihar
56,15,Muzaffarpur,6,1748,1730553,990,37,22,20,1058507,61.17,Bihar
57,16,Vaishali,6,1803,1735983,963,36,22,20,1074751,61.91,Bihar
58,17,Gopalganj (SC),6,1906,1839514,965,17,13,11,1026056,55.78,Bihar
59,18,Siwan,6,1787,1799551,1007,24,19,17,984850,54.73,Bihar
60,19,Maharajganj,6,1848,1807768,978,16,11,9,972989,53.82,Bihar
61,20,Saran,6,1711,1667253,974,15,12,10,943615,56.6,Bihar
62,21,Hajipur (SC),6,1827,1823664,998,27,11,9,1007680,55.26,Bihar
63,22,Ujiarpur,6,1600,1612300,1008,30,18,16,969862,60.15,Bihar
64,23,Samastipur (SC),6,1700,1679030,988,17,11,9,1019771,60.74,Bihar
65,24,Begusarai,7,1944,1958382,1007,21,10,8,1226503,62.63,Bihar
66,25,Khagaria,6,1714,1676454,978,26,20,18,967411,57.71,Bihar
67,26,Bhagalpur,6,1777,1823820,1026,16,9,7,1043182,57.2,Bihar
68,27,Banka,6,1816,1699394,936,23,20,18,995860,58.6,Bihar
69,28,Munger,6,1926,1888025,980,21,19,17,1036441,54.9,Bihar
70,29,Nalanda,7,2248,2114809,941,36,35,33,1031874,48.79,Bihar
71,30,Patna Sahib,6,2007,2146008,1069,37,18,16,982939,45.8,Bihar
72,31,Pataliputra,6,2050,1925479,939,33,25,23,1078809,56.03,Bihar
73,32,Arrah,7,2162,2089353,966,24,11,9,1082464,51.81,Bihar
74,33,Buxar,6,1856,1829373,986,16,15,13,986962,53.95,Bihar
75,34,Sasaram (SC),6,1927,1787878,928,15,13,11,975577,54.57,Bihar
76,35,Karakat,6,1869,1771254,948,37,27,25,869546,49.09,Bihar
77,36,Jahanabad,6,1692,1588454,939,29,13,11,822233,51.76,Bihar
78,37,Aurangabad,6,1965,1742883,887,16,9,7,935469,53.67,Bihar
79,38,Gaya (SC),6,1772,1704596,962,14,13,11,957654,56.18,Bihar
80,39,Nawada,6,1899,1899747,1000,18,13,11,944691,49.73,Bihar
81,40,Jamui (SC),6,1850,1718814,929,12,9,7,949561,55.25,Bihar
82,1,CHANDIGARH,1,597,646729,1083,45,36,34,456637,70.61,Chandigarh
83,1,SARGUJA,8,2153,1655239,769,11,10,8,1281216,77.4,Chhattisgarh
84,2,RAIGARH,8,2327,1733805,745,14,14,12,1350741,77.91,Chhattisgarh
85,3,JANJGIR-CHAMPA,8,2172,1897134,873,18,15,13,1248474,65.81,Chhattisgarh
86,4,KORBA,8,2008,1508840,751,20,13,11,1137423,75.38,Chhattisgarh
87,5,BILASPUR,8,2221,1876953,845,27,25,23,1210261,64.48,Chhattisgarh
88,6,RAJNANDGAON,8,2322,1716459,739,24,14,12,1307878,76.2,Chhattisgarh
89,7,DURG,9,2183,1940269,889,27,21,19,1392719,71.78,Chhattisgarh
90,8,RAIPUR,9,2343,2111738,901,32,25,23,1397142,66.16,Chhattisgarh
91,9,MAHASAMUND,8,2140,1637951,765,18,13,11,1222767,74.65,Chhattisgarh
92,10,BASTAR,8,1879,1379122,734,8,7,5,913761,66.26,Chhattisgarh
93,11,KANKER,8,2022,1558952,771,12,9,7,1160243,74.42,Chhattisgarh
94,1,Dadra And Nagar Haveli,1,288,250029,868,13,11,9,198984,79.58,Dadra & Nagar Haveli
95,1,Daman & diu,2,152,121740,801,7,4,1,87473,71.85,Daman & Diu
96,1,North Goa,20,842,556761,661,8,6,4,429006,77.05,Goa
97,2,South Goa,20,810,579352,715,8,6,4,424718,73.31,Goa
98,1,Kachchh,7,2143,1744321,814,14,10,8,1024152,58.71,Gujarat
99,2,Banaskantha,7,2012,1697384,844,25,14,12,1103739,65.03,Gujarat
100,3,Patan,7,2107,1807043,858,18,12,10,1128417,62.45,Gujarat
101,4,Mahesana,7,1863,1648869,885,20,12,10,1084677,65.78,Gujarat
102,5,Sabarkantha,7,2381,1801717,757,27,20,18,1220978,67.77,Gujarat
103,6,Gandhinagar,7,1975,1945772,985,45,17,15,1285826,66.08,Gujarat
104,7,Ahmedabad East,7,1895,1811851,956,34,26,24,1119064,61.76,Gujarat
105,8,Ahmedabad West,7,1556,1643317,1056,17,13,11,999233,60.81,Gujarat
106,9,Surendranagar,7,2178,1849429,849,48,31,29,1080199,58.41,Gujarat
107,10,Rajkot,7,2050,1884339,919,21,10,8,1196300,63.49,Gujarat
108,11,Porbandar,7,1854,1662368,897,20,17,15,951107,57.21,Gujarat
109,12,Jamnagar,7,1946,1657166,852,44,28,26,1011449,61.03,Gujarat
110,13,Junagadh,7,1913,1642864,859,18,12,10,1007252,61.31,Gujarat
111,14,Amreli,7,1908,1628451,853,15,12,10,911443,55.97,Gujarat
112,15,Bhavnagar,7,2005,1768297,882,19,10,8,1044242,59.05,Gujarat
113,16,Anand,7,1847,1655870,897,13,10,8,1110084,67.04,Gujarat
114,17,Kheda,7,2111,1804028,855,12,7,5,1101173,61.04,Gujarat
115,18,Panchmahal,7,2146,1744762,813,18,6,4,1085718,62.23,Gujarat
116,19,Dahod,7,1950,1598939,820,11,7,5,1064391,66.57,Gujarat
117,20,Vadodara,7,1824,1794896,984,20,13,11,1223709,68.18,Gujarat
118,21,Chhota Udaipur,7,2233,1671253,748,10,8,6,1235055,73.9,Gujarat
119,22,Bharuch,7,1916,1564519,817,22,17,15,1150658,73.55,Gujarat
120,23,Bardoli,7,2202,1826526,829,17,12,10,1349645,73.89,Gujarat
121,24,Surat,7,1681,1655704,985,21,13,11,1069253,64.58,Gujarat
122,25,Navsari,7,2098,1971658,940,29,25,23,1309236,66.4,Gujarat
123,26,Valsad,7,2057,1671030,812,11,9,7,1261364,75.48,Gujarat
124,1,Ambala,9,2045,1853711,906,23,18,16,1317922,71.1,Haryana
125,2,Kurukshetra,9,1819,1657335,911,30,24,22,1231165,74.29,Haryana
126,3,Sirsa,9,1912,1803349,943,22,20,18,1370316,75.99,Haryana
127,4,Hisar,9,1751,1631817,932,46,26,24,1181878,72.43,Haryana
128,5,Karnal,9,2003,1904193,951,31,16,14,1301474,68.35,Haryana
129,6,Sonipat,9,1771,1592611,899,36,29,27,1131146,71.02,Haryana
130,7,Rohtak,9,1876,1737133,926,22,18,16,1224994,70.52,Haryana
131,8,Bhiwani-Mahendragarh,9,1968,1654317,841,29,21,19,1165906,70.48,Haryana
132,9,Gurgaon,9,2254,2150728,954,34,24,22,1448101,67.33,Haryana
133,10,Faridabad,9,2043,2071816,1014,30,27,25,1328127,64.1,Haryana
134,1,Kangra,17,1876,1427338,761,12,11,9,1009556,70.73,Himachal Pradesh
135,2,Mandi,17,2082,1281462,615,21,17,15,943148,73.6,Himachal Pradesh
136,3,Hamirpur,17,1764,1362269,772,14,11,9,992087,72.83,Himachal Pradesh
137,4,Shimla,17,2008,1259085,627,8,6,4,915149,72.68,Himachal Pradesh
138,1,Baramulla,15,1745,1317738,755,14,9,6,455999,34.6,Jammu & Kashmir
139,2,Srinagar,15,1716,1294671,754,13,12,10,186863,14.43,Jammu & Kashmir
140,3,Anantnag,16,1842,1397779,759,20,18,15,125465,8.98,Jammu & Kashmir
141,4,Ladakh,4,559,179232,321,8,4,0,127350,71.05,Jammu & Kashmir
142,5,Udhampur,17,2710,1685816,622,14,12,10,1182680,70.15,Jammu & Kashmir
143,6,Jammu,20,2740,2047302,747,37,24,22,1484387,72.5,Jammu & Kashmir
144,1,Rajmahal,6,2020,1454436,720,16,14,12,1047853,72.05,Jharkhand
145,2,Dumka,6,1891,1397253,739,16,15,13,1025981,73.43,Jharkhand
146,3,Godda,6,2347,1716766,731,26,13,11,1194343,69.57,Jharkhand
147,4,Chatra,5,1899,1425218,751,31,26,25,925956,64.97,Jharkhand
148,5,Kodarma,6,2475,1814125,733,18,14,12,1209661,66.68,Jharkhand
149,6,Giridih,6,2161,1649413,763,26,15,13,1107156,67.12,Jharkhand
150,7,Dhanbad,6,2539,2072634,816,28,20,18,1253265,60.47,Jharkhand
151,8,Ranchi,6,2376,1915959,806,35,20,18,1235614,64.49,Jharkhand
152,9,Jamshedpur,6,1885,1703279,904,29,23,21,1144427,67.19,Jharkhand
153,10,Singhbhum,6,1715,1269917,740,11,9,7,879516,69.26,Jharkhand
154,11,Khunti,6,1705,1202664,705,20,11,9,832834,69.25,Jharkhand
155,12,Lohardaga,5,1747,1234286,707,17,14,12,818367,66.3,Jharkhand
156,13,Palamau,6,2426,1881441,776,24,19,17,1210426,64.34,Jharkhand
157,14,Hazaribagh,5,2278,1667465,732,18,16,14,1081382,64.85,Jharkhand
158,1,Chikkodi,8,1885,1612556,855,13,11,9,1219483,75.62,Karnataka
159,2,Belgaum,8,2064,1779350,862,66,57,55,1207142,67.84,Karnataka
160,3,Bagalkot,8,1938,1704010,879,16,14,12,1204702,70.7,Karnataka
161,4,Bijapur,8,2101,1797587,856,17,12,10,1112493,61.89,Karnataka
162,5,Gulbarga,8,2157,1945765,902,21,12,10,1190471,61.18,Karnataka
163,6,Raichur,8,2184,1928204,883,8,5,3,1124962,58.34,Karnataka
164,7,Bidar,8,1999,1775095,888,35,22,20,1118255,63,Karnataka
165,8,Koppal,8,2033,1736693,854,17,14,12,1190627,68.56,Karnataka
166,9,Bellary,8,1925,1751734,910,14,11,9,1221985,69.76,Karnataka
167,10,Haveri,8,1972,1708510,866,19,10,8,1267888,74.21,Karnataka
168,11,Dharwad,8,1872,1727311,923,26,19,17,1214138,70.29,Karnataka
169,12,Uttara Kannada,8,1922,1556599,810,17,13,11,1154390,74.16,Karnataka
170,13,Davanagere,8,1949,1633064,838,28,25,23,1195225,73.19,Karnataka
171,14,Shimoga,8,2021,1676668,830,14,12,10,1284067,76.58,Karnataka
172,15,Udupi Chikmagalur,8,1837,1513806,824,14,12,10,1151623,76.07,Karnataka
173,16,Hassan,8,2235,1652999,740,10,6,4,1278653,77.35,Karnataka
174,17,Dakshina Kannada,8,1861,1724976,927,15,13,11,1345347,77.99,Karnataka
175,18,Chitradurga,8,2161,1760633,815,24,19,17,1246506,70.8,Karnataka
176,19,Tumkur,8,1907,1608545,843,23,15,13,1245469,77.43,Karnataka
177,20,Mandya,8,2046,1712004,837,27,22,20,1379622,80.59,Karnataka
178,21,Mysore,8,2187,1896333,867,30,22,20,1318103,69.51,Karnataka
179,22,Chamarajanagar,8,2005,1686333,841,13,10,8,1270725,75.35,Karnataka
180,23,Bangalore Rural,8,2672,2497458,935,21,15,13,1622824,64.98,Karnataka
181,24,Bangalore North,8,2656,2849250,1073,38,31,29,1560324,54.76,Karnataka
182,25,Bangalore central,8,2082,2204817,1059,29,22,20,1197687,54.32,Karnataka
183,26,Bangalore South,8,2131,2215489,1040,35,25,23,1189657,53.7,Karnataka
184,27,Chikkballapur,8,2284,1808780,792,25,15,13,1387987,76.74,Karnataka
185,28,Kolar,8,2100,1629961,776,23,14,12,1259093,77.25,Karnataka
186,1,Kasaragod,7,1317,1363937,1036,11,9,7,1100099,80.66,Kerala
187,2,Kannur,7,1172,1266550,1081,17,13,11,1054746,83.28,Kerala
188,3,Vadakara,7,1180,1288926,1092,15,12,10,1065932,82.7,Kerala
189,4,Wayanad,7,1311,1359679,1037,23,20,18,1092759,80.37,Kerala
190,5,Kozhikode,7,1159,1318024,1137,19,14,12,1076882,81.7,Kerala
191,6,Malappuram,7,1195,1370544,1147,14,8,6,1034799,75.5,Kerala
192,7,Ponnani,7,1148,1356803,1182,18,12,10,1017366,74.98,Kerala
193,8,Palakkad,7,1330,1323010,995,13,9,6,1028874,77.77,Kerala
194,9,Alathur ,7,1135,1266794,1116,10,6,4,1019376,80.47,Kerala
195,10,Thrissur,7,1258,1337110,1063,13,8,5,1042122,77.94,Kerala
196,11,Chalakudy,7,1182,1230197,1041,16,13,11,990433,80.51,Kerala
197,12,Ernakulam,7,1108,1245972,1125,18,13,11,967390,77.64,Kerala
198,13,Idukki,7,1305,1204191,923,9,8,6,919559,76.36,Kerala
199,14,Kottayam,7,1198,1206698,1007,15,7,4,910648,75.47,Kerala
200,15,Alappuzha,7,1331,1356701,1019,14,12,9,1090112,80.35,Kerala
201,16,Mavelikkara ,7,1280,1308102,1022,12,10,8,972360,74.33,Kerala
202,17,Pathanamthitta,7,1437,1382741,962,11,8,5,1027378,74.3,Kerala
203,18,Kollam,7,1212,1296720,1070,12,9,7,969017,74.73,Kerala
204,19,Attingal,7,1410,1350710,958,23,19,16,1006048,74.48,Kerala
205,20,Thiruvananthapuram,7,1305,1371427,1051,20,17,14,1011268,73.74,Kerala
206,1,Lakshadweep,1,51,55189,1082,7,6,4,47026,85.21,Lakshadweep
207,1,MORENA,8,2351,1837723,782,27,25,23,1138734,61.96,Madhya Pradesh
208,2,BHIND,8,2171,1765334,813,22,18,16,962717,54.53,Madhya Pradesh
209,3,GWALIOR,8,2327,2000744,860,27,18,16,1196888,59.82,Madhya Pradesh
210,4,GUNA,8,2170,1675724,772,13,13,11,1178707,70.34,Madhya Pradesh
211,5,SAGAR,8,2051,1583129,772,13,10,8,1037536,65.54,Madhya Pradesh
212,6,TIKAMGARH,8,2062,1647399,799,19,14,12,1097454,66.62,Madhya Pradesh
213,7,DAMOH,8,2295,1768777,771,18,15,13,1164405,65.83,Madhya Pradesh
214,8,KHAJURAHO,8,2279,1842095,808,25,17,15,1258316,68.31,Madhya Pradesh
215,9,SATNA,7,1986,1575064,793,25,21,19,1113755,70.71,Madhya Pradesh
216,10,REWA,8,2013,1679534,834,26,23,21,1014632,60.41,Madhya Pradesh
217,11,SIDHI,8,2377,1845547,776,28,26,24,1282705,69.5,Madhya Pradesh
218,12,SHAHDOL,8,2187,1656474,757,15,13,11,1238486,74.77,Madhya Pradesh
219,13,JABALPUR,8,2128,1819893,855,27,22,20,1264060,69.46,Madhya Pradesh
220,14,MANDLA,8,2581,1951267,756,14,10,8,1517931,77.79,Madhya Pradesh
221,15,BALAGHAT,8,2275,1767725,777,25,23,21,1372730,77.66,Madhya Pradesh
222,16,CHHINDWARA,7,1943,1514783,780,23,14,12,1248478,82.42,Madhya Pradesh
223,17,HOSHANGABAD,8,2250,1706141,758,18,11,9,1266304,74.22,Madhya Pradesh
224,18,VIDISHA,8,2330,1741604,747,16,13,11,1251013,71.83,Madhya Pradesh
225,19,BHOPAL,8,2510,2142861,854,39,30,28,1408669,65.74,Madhya Pradesh
226,20,RAJGARH,8,2231,1694329,759,13,11,9,1260930,74.42,Madhya Pradesh
227,21,DEWAS,8,2319,1760503,759,8,6,4,1399696,79.51,Madhya Pradesh
228,22,UJJAIN,8,2066,1661229,804,11,9,7,1253063,75.43,Madhya Pradesh
229,23,MANDSOUR,8,2157,1760875,816,13,13,11,1371535,77.89,Madhya Pradesh
230,24,RATLAM,8,2348,1851112,788,13,9,7,1401335,75.7,Madhya Pradesh
231,25,DHAR,8,2226,1786151,802,9,7,5,1344174,75.26,Madhya Pradesh
232,26,INDORE,8,2575,2350580,913,23,20,18,1629595,69.33,Madhya Pradesh
233,27,KHARGONE,8,2350,1834385,781,9,7,5,1428002,77.85,Madhya Pradesh
234,28,KHANDWA,8,2370,1909055,806,17,11,9,1468156,76.9,Madhya Pradesh
235,29,BETUL,8,2355,1737437,738,11,9,7,1358336,78.18,Madhya Pradesh
236,1,Nandurbar ,6,2115,1871099,885,14,11,9,1284546,68.65,Maharashtra
237,2,Dhule,6,1940,1908173,984,36,28,26,1088578,57.05,Maharashtra
238,3,Jalgaon,6,2013,1931400,959,21,14,12,1092287,56.55,Maharashtra
239,4,Raver,6,1906,1775051,931,16,12,10,1096511,61.77,Maharashtra
240,5,Buldhana,6,1979,1762918,891,15,12,10,1121151,63.6,Maharashtra
241,6,Akola,6,2085,1865169,895,16,11,8,1120185,60.06,Maharashtra
242,7,Amravati ,6,2000,1833091,917,36,24,22,1113853,60.76,Maharashtra
243,8,Wardha,6,2026,1743283,860,16,14,12,1072657,61.53,Maharashtra
244,9,Ramtek ,6,2364,1922764,813,24,16,14,1197805,62.3,Maharashtra
245,10,Nagpur ,6,2065,2161096,1047,39,30,28,1187215,54.94,Maharashtra
246,11,Bhandara - gondiya,6,2184,1811556,829,34,14,12,1246543,68.81,Maharashtra
247,12,Gadchiroli-Chimur,6,1881,1581366,841,10,5,3,1143734,72.33,Maharashtra
248,13,Chandrapur,6,2193,1910188,871,21,13,11,1239486,64.89,Maharashtra
249,14,Yavatmal-Washim,6,2206,1916185,869,37,24,22,1174824,61.31,Maharashtra
250,15,Hingoli ,6,1997,1733729,868,42,28,26,1158767,66.84,Maharashtra
251,16,Nanded,6,2028,1719322,848,59,14,12,1129462,65.69,Maharashtra
252,17,Parbhani,6,2174,1985228,913,27,17,15,1253092,63.12,Maharashtra
253,18,Jalna,6,2058,1867220,907,37,20,18,1209096,64.75,Maharashtra
254,19,Aurangabad,6,2021,1886284,933,42,23,20,1198727,63.55,Maharashtra
255,20,Dindori ,6,1884,1732936,920,15,8,6,1138702,65.71,Maharashtra
256,21,Nashik,6,1907,1885064,988,30,18,16,1122092,59.53,Maharashtra
257,22,Palghar ,6,2170,1885600,869,21,12,10,1202197,63.76,Maharashtra
258,23,Bhiwandi,6,2200,1890100,859,22,15,13,1005605,53.2,Maharashtra
259,24,Kalyan,6,2063,1965676,953,36,28,26,890692,45.31,Maharashtra
260,25,Thane,6,2452,2370903,967,29,23,21,1170970,49.39,Maharashtra
261,26,Mumbai North,6,1715,1647350,961,22,18,16,989962,60.09,Maharashtra
262,27,Mumbai North West,6,1766,1732263,981,27,21,19,941831,54.37,Maharashtra
263,28,Mumbai North East,6,1721,1588693,923,33,27,25,909181,57.23,Maharashtra
264,29,Mumbai North central,6,1721,1679891,976,27,20,18,901797,53.68,Maharashtra
265,30,Mumbai South central,6,1572,1440380,916,30,17,15,797903,55.4,Maharashtra
266,31,Mumbai   South,6,1578,1554176,985,17,13,11,801799,51.59,Maharashtra
267,32,Raigad,6,2179,1652965,759,26,16,14,1027583,62.17,Maharashtra
268,33,Maval,6,2504,2298080,918,32,21,19,1369456,59.59,Maharashtra
269,34,Pune,6,1997,2075824,1039,46,31,29,1035654,49.89,Maharashtra
270,35,Baramati,6,2372,2114663,892,31,18,16,1307318,61.82,Maharashtra
271,36,Shirur,6,2296,2175529,948,27,23,21,1293155,59.44,Maharashtra
272,37,Ahmadnagar ,6,2030,1861396,917,31,19,17,1206090,64.79,Maharashtra
273,38,Shirdi,6,1710,1587079,928,30,20,18,1030502,64.93,Maharashtra
274,39,Beed,6,2325,2045405,880,58,36,34,1353442,66.17,Maharashtra
275,40,Osmanabad,6,2127,1889740,888,23,14,12,1204832,63.76,Maharashtra
276,41,Latur ,6,2075,1886657,909,15,10,8,1178089,62.44,Maharashtra
277,42,Solapur ,6,1926,1851654,961,26,13,11,1086344,58.67,Maharashtra
278,43,Madha,6,2025,1909574,943,42,31,29,1217823,63.77,Maharashtra
279,44,Sangli,6,1848,1809109,979,21,12,9,1192571,65.92,Maharashtra
280,45,Satara,6,2296,1848489,805,12,9,7,1117757,60.47,Maharashtra
281,46,Ratnagiri - sindhudurg,6,1942,1455577,750,13,12,10,902355,61.99,Maharashtra
282,47,Kolhapur,6,2148,1880496,875,25,15,13,1332504,70.86,Maharashtra
283,48,Hatkanangle,6,1856,1776555,957,23,17,15,1254313,70.6,Maharashtra
284,1,Inner manipur,32,1300,937464,721,11,11,8,760456,81.12,Manipur
285,2,Outer manipur,28,1562,1022099,654,8,8,5,859995,84.14,Manipur
286,1,Shillong,36,2053,1197806,583,8,6,4,784279,65.48,Meghalaya
287,2,Tura ,24,1114,716990,644,3,3,1,583480,81.38,Meghalaya
288,1,MIZORAM,40,1190,792464,666,6,6,4,500347,63.14,Mizoram
289,1,Nagaland,60,2227,1213777,545,4,4,2,1007437,83,Nagaland
290,1,CHANDNI CHOWK                 ,10,1570,1562283,995,49,26,24,980814,62.78,NCT OF Delhi
291,2,NORTH EAST DELHI              ,10,2147,2290492,1067,60,24,22,1462767,63.86,NCT OF Delhi
292,3,EAST DELHI                    ,10,1844,2039302,1106,52,26,23,1258195,61.7,NCT OF Delhi
293,4,NEW DELHI                     ,10,1627,1617470,994,52,27,25,920567,56.91,NCT OF Delhi
294,5,NORTH WEST DELHI              ,10,2492,2378995,955,35,11,8,1402986,58.97,NCT OF Delhi
295,6,WEST DELHI                    ,10,2285,2371644,1038,51,23,20,1442492,60.82,NCT OF Delhi
296,7,SOUTH DELHI                   ,10,1854,2067463,1115,48,27,25,1214545,58.75,NCT OF Delhi
297,1,Bargarh,7,1895,1596290,842,8,6,4,1251078,78.37,Odisha
298,2,Sundargarh ,7,1853,1531525,827,11,8,5,1101049,71.89,Odisha
299,3,Sambalpur,7,1756,1468530,836,12,11,9,1126662,76.72,Odisha
300,4,Keonjhar ,7,1968,1516688,771,11,8,6,1176479,77.57,Odisha
301,5,Mayurbhanj ,7,1891,1493205,790,10,8,6,1151693,77.13,Odisha
302,6,Balasore,7,1639,1531781,935,13,12,10,1159355,75.69,Odisha
303,7,Bhadrak ,7,1793,1661661,927,10,8,5,1228046,73.9,Odisha
304,8,Jajpur ,7,1627,1475007,907,10,8,6,1092965,74.1,Odisha
305,9,Dhenkanal,7,1713,1504403,878,9,9,7,1133213,75.33,Odisha
306,10,Bolangir,7,2140,1744446,815,8,8,5,1306744,74.91,Odisha
307,11,Kalahandi,7,2015,1611056,800,9,7,4,1230929,76.41,Odisha
308,12,Nabarangpur ,7,1773,1461004,824,4,4,1,1161787,79.52,Odisha
309,13,Kandhamal,7,1570,1288666,821,8,5,3,942041,73.1,Odisha
310,14,Cuttack,7,1644,1518996,924,11,11,9,1060459,69.81,Odisha
311,15,Kendrapara ,7,1999,1710916,856,9,7,5,1238448,72.39,Odisha
312,16,Jagatsinghpur ,7,1886,1643595,871,9,9,6,1229827,74.83,Odisha
313,17,Puri,7,1769,1562331,883,9,8,6,1136124,72.72,Odisha
314,18,Bhubaneswar,7,1656,1699678,1026,18,14,12,1005624,59.17,Odisha
315,19,Aska,7,1694,1541145,910,10,8,6,1013890,65.79,Odisha
316,20,Berhampur,7,1697,1502455,885,9,8,6,990087,65.9,Odisha
317,21,Koraput ,7,1776,1434384,808,7,7,4,1080669,75.34,Odisha
318,1,Puducherry,30,970,973410,1004,30,18,16,790895,81.25,Puducherry
319,1,Gurdaspur,9,1826,1595284,874,23,15,13,1104546,69.24,Punjab
320,2,Amritsar,9,1601,1507875,942,34,30,28,860582,57.07,Punjab
321,3,Khadoor Sahib,9,1902,1638842,862,25,19,16,1048150,63.96,Punjab
322,4,Jalandhar,9,1863,1617018,868,24,19,16,1019403,63.04,Punjab
323,5,Hoshiarpur,9,1911,1597500,836,13,8,6,991665,62.08,Punjab
324,6,Anandpur Sahib,9,1943,1698876,874,35,26,24,1082024,63.69,Punjab
325,7,Ludhiana,9,1721,1683325,978,28,22,19,1047025,62.2,Punjab
326,8,Fatehgarh Sahib,9,1750,1502861,859,27,20,18,987161,65.69,Punjab
327,9,Faridkot,9,1613,1541971,956,25,20,18,975242,63.25,Punjab
328,10,Firozpur,9,1805,1618419,897,25,22,20,1172801,72.47,Punjab
329,11,Bathinda,9,1729,1621671,938,36,27,25,1202593,74.16,Punjab
330,12,Sangrur,9,1627,1529431,940,31,25,22,1107256,72.4,Punjab
331,13,Patiala,9,1922,1739600,905,33,25,23,1178847,67.77,Punjab
332,1,Ganganagar,8,2024,1943486,960,11,9,7,1453085,74.77,Rajasthan
333,2,Bikaner (SC),8,1829,1851628,1012,12,9,7,1100500,59.43,Rajasthan
334,3,Churu,8,2068,2019104,976,17,12,10,1330672,65.9,Rajasthan
335,4,Jhunjhunu,8,2009,1937882,965,17,12,10,1203702,62.11,Rajasthan
336,5,Sikar,8,2046,2041612,998,17,12,10,1330661,65.18,Rajasthan
337,6,Jaipur Rural,8,2025,1952542,964,11,8,6,1279667,65.54,Rajasthan
338,7,Jaipur,8,1873,2127021,1136,34,24,22,1456506,68.48,Rajasthan
339,8,Alwar,8,1991,1888524,949,13,11,9,1268477,67.17,Rajasthan
340,9,BHARATPUR,8,2006,1943794,969,10,8,6,1148971,59.11,Rajasthan
341,10,KARAULI-DHOLPUR,8,1987,1810574,911,5,5,3,999130,55.18,Rajasthan
342,11,Dausa,8,1954,1730289,886,12,11,9,1064078,61.5,Rajasthan
343,12,TONK-SAWAI MADHOPUR,8,2072,1945992,939,10,8,6,1234467,63.44,Rajasthan
344,13,Ajmer,8,1951,1876346,962,11,7,5,1263246,67.32,Rajasthan
345,14,Nagaur,8,1971,1933169,981,14,13,11,1204773,62.32,Rajasthan
346,15,Pali,8,2236,2161663,967,14,8,6,1361515,62.98,Rajasthan
347,16,Jodhpur,8,1993,1956755,982,12,10,8,1347933,68.89,Rajasthan
348,17,Barmer,8,2552,1941231,761,16,7,5,1422875,73.3,Rajasthan
349,18,Jalore,8,2097,2071244,988,28,15,13,1361627,65.74,Rajasthan
350,19,Udaipur,8,2275,2069559,910,9,9,7,1455417,70.32,Rajasthan
351,20,Banswara,8,2115,1975368,934,5,5,2,1440109,72.9,Rajasthan
352,21,Chittorgarh,8,2327,2015911,866,13,10,8,1459266,72.39,Rajasthan
353,22,Rajsamand,8,2107,1912911,908,12,10,8,1240848,64.87,Rajasthan
354,23,Bhilwara,8,2219,1997328,900,7,4,2,1311011,65.64,Rajasthan
355,24,Kota,8,2051,1948010,950,24,15,13,1367928,70.22,Rajasthan
356,25,JHALAWAR-BARAN,8,2187,1903870,871,11,7,5,1370017,71.96,Rajasthan
357,1,Sikkim,31,567,434128,766,11,11,9,353415,81.41,Sikkim
358,1,Thiruvallur ,6,2206,1946870,883,28,20,18,1408265,72.33,Tamil Nadu
359,2,Chennai North,6,1474,1487681,1009,45,23,22,955931,64.26,Tamil Nadu
360,3,Chennai South,6,1895,1973533,1041,50,40,38,1126341,57.07,Tamil Nadu
361,4,Chennai central,6,1309,1332300,1018,44,31,29,785757,58.98,Tamil Nadu
362,5,Sriperumbudur,6,2360,2253448,955,42,19,17,1407153,62.44,Tamil Nadu
363,6,Kancheepuram ,6,1913,1643992,859,21,11,9,1238158,75.31,Tamil Nadu
364,7,Arakkonam,6,1700,1500016,882,24,19,17,1179712,78.65,Tamil Nadu
365,9,Krishnagiri,6,1850,1530404,827,26,15,13,1162273,75.95,Tamil Nadu
366,10,Dharmapuri,6,1787,1485804,831,27,15,13,1224465,82.41,Tamil Nadu
367,11,Tiruvannamalai,6,1717,1473862,858,32,25,23,1151791,78.15,Tamil Nadu
368,12,Arani,6,1756,1449150,825,26,15,13,1144917,79.01,Tamil Nadu
369,13,Viluppuram,6,1723,1444335,838,24,13,11,1136098,78.66,Tamil Nadu
370,14,Kallakurichi,6,1794,1528938,852,33,24,22,1204935,78.81,Tamil Nadu
371,15,Salem,6,1803,1612512,894,38,22,20,1256330,77.91,Tamil Nadu
372,16,Namakkal,6,1653,1413599,855,36,29,27,1133984,80.22,Tamil Nadu
373,17,Erode,6,1678,1462246,871,30,20,18,1069003,73.11,Tamil Nadu
374,18,Tiruppur,6,1704,1530014,898,26,12,10,1120093,73.21,Tamil Nadu
375,19,Nilgiris ,6,1610,1366060,848,15,10,8,1011049,74.01,Tamil Nadu
376,20,Coimbatore,6,2045,1958904,958,30,14,12,1250929,63.86,Tamil Nadu
377,21,Pollachi,6,1691,1520504,899,32,14,12,1081888,71.15,Tamil Nadu
378,22,Dindigul,6,1787,1541881,863,28,21,19,1160931,75.29,Tamil Nadu
379,23,Karur,6,1650,1387286,841,49,42,40,1103645,79.55,Tamil Nadu
380,24,Tiruchirappalli,6,1660,1508963,909,37,24,23,1048779,69.5,Tamil Nadu
381,25,Perambalur,6,1644,1391853,847,32,19,17,1103160,79.26,Tamil Nadu
382,26,Cuddalore ,6,1499,1364038,910,35,21,19,1043380,76.49,Tamil Nadu
383,27,Chidambaram ,6,1708,1480222,867,19,13,11,1154257,77.98,Tamil Nadu
384,28,Mayiladuthurai,6,1738,1484842,854,39,27,25,1097780,73.93,Tamil Nadu
385,29,Nagapattinam ,6,1537,1303649,848,19,15,13,1002920,76.93,Tamil Nadu
386,30,Thanjavur,6,1691,1461052,864,26,12,10,1060052,72.55,Tamil Nadu
387,31,Sivaganga,6,1856,1552019,836,31,26,24,1084906,69.9,Tamil Nadu
388,32,Madurai,6,1549,1539026,994,36,27,25,1017122,66.09,Tamil Nadu
389,33,Theni ,6,1781,1561040,876,43,30,28,1175008,75.27,Tamil Nadu
390,34,Virudhunagar,6,1673,1484256,887,39,28,26,1075926,72.49,Tamil Nadu
391,35,Ramanathapuram,6,1916,1559740,814,37,23,21,1066923,68.4,Tamil Nadu
392,36,Thoothukkudi,6,1595,1427783,895,48,37,35,991967,69.48,Tamil Nadu
393,37,Tenkasi ,6,1738,1492317,859,33,25,23,1066008,71.43,Tamil Nadu
394,38,Tirunelveli,6,1783,1547800,868,41,26,24,1040390,67.22,Tamil Nadu
395,39,Kanniyakumari,6,1694,1501250,886,26,15,13,1049427,69.9,Tamil Nadu
396,1,Adilabad ,7,2079,1489790,717,16,11,8,1063977,71.42,Telangana
397,2,Peddapalle ,7,1827,1479091,810,27,17,15,970165,65.59,Telangana
398,3,Karimnagar ,7,2181,1651543,757,24,15,13,1148201,69.52,Telangana
399,4,Nizamabad,7,1788,1553385,869,203,185,183,1063182,68.44,Telangana
400,5,Zahirabad,7,1940,1498666,773,18,12,10,1044504,69.7,Telangana
401,6,Medak,7,2043,1603318,785,20,10,7,1150331,71.75,Telangana
402,7,Malkajgiri,7,2960,3150313,1064,40,12,9,1563646,49.63,Telangana
403,8,Secundrabad,7,1809,1968276,1088,51,28,25,915263,46.5,Telangana
404,9,Hyderabad,7,1935,1957931,1012,24,15,13,877941,44.84,Telangana
405,10,CHEVELLA,7,2785,2443112,877,28,23,21,1300998,53.25,Telangana
406,11,Mahbubnagar,7,1871,1506102,805,23,12,9,984767,65.39,Telangana
407,12,Nagarkurnool,7,1936,1588111,820,15,11,9,989893,62.33,Telangana
408,13,Nalgonda,7,1990,1585980,797,39,27,25,1175984,74.15,Telangana
409,14,Bhongir ,7,2068,1628033,787,34,13,11,1212777,74.49,Telangana
410,15,Warangal,7,1859,1666770,897,29,15,13,1061672,63.7,Telangana
411,16,Mahabubabad  ,7,1735,1424385,821,20,14,12,983707,69.06,Telangana
412,17,Khammam ,7,1798,1513809,842,34,23,21,1139848,75.3,Telangana
413,1,Tripura West,30,1679,1352857,806,18,13,11,1108427,81.93,Tripura
414,2,Tripura East,30,1645,1261861,767,10,10,7,1046123,82.9,Tripura
415,1,Saharanpur,5,1938,1739082,897,20,11,8,1232438,70.87,Uttar Pradesh
416,2,Kairana,5,1823,1666703,914,14,13,11,1124213,67.45,Uttar Pradesh
417,3,Muzaffarnagar,5,1800,1698003,943,22,10,8,1161774,68.42,Uttar Pradesh
418,4,Bijnor,5,1943,1664125,856,16,13,11,1101966,66.22,Uttar Pradesh
419,5,Nagina,5,1776,1586117,893,9,7,5,1009785,63.66,Uttar Pradesh
420,6,Moradabad,5,2054,1958939,954,25,13,11,1282265,65.46,Uttar Pradesh
421,7,Rampur,5,1946,1679506,863,17,11,9,1061238,63.19,Uttar Pradesh
422,8,Sambhal,5,1943,1828764,941,15,12,10,1183788,64.73,Uttar Pradesh
423,9,Amroha,5,1804,1646435,913,15,10,8,1169754,71.05,Uttar Pradesh
424,10,Meerut,5,2007,1892931,943,15,11,9,1216940,64.29,Uttar Pradesh
425,11,Baghpat,5,1796,1616476,900,13,13,11,1045607,64.68,Uttar Pradesh
426,12,Ghaziabad,5,2931,2728978,931,25,12,10,1525097,55.89,Uttar Pradesh
427,13,Gautam Buddha Nagar,5,2397,2302960,961,21,13,11,1393141,60.49,Uttar Pradesh
428,14,Bulandshahr,5,2964,1787925,603,13,9,7,1125000,62.92,Uttar Pradesh
429,15,Aligarh,5,2129,1887127,886,20,14,12,1163950,61.68,Uttar Pradesh
430,16,Hathras,5,2203,1864320,846,11,8,6,1151461,61.76,Uttar Pradesh
431,17,Mathura,5,2014,1807893,898,25,13,11,1104325,61.08,Uttar Pradesh
432,18,Agra,5,2178,1937690,890,18,9,7,1145629,59.12,Uttar Pradesh
433,19,Fatehpur Sikri,5,1967,1718837,874,25,15,14,1038460,60.42,Uttar Pradesh
434,20,Firozabad,5,2040,1790510,878,22,6,4,1076574,60.13,Uttar Pradesh
435,21,Mainpuri,5,2179,1723236,791,16,12,10,978261,56.77,Uttar Pradesh
436,22,Etah,5,1998,1621295,811,17,14,12,1000352,61.7,Uttar Pradesh
437,23,Badaun,5,2088,1891576,906,25,9,7,1081474,57.17,Uttar Pradesh
438,24,Aonla,5,2038,1785605,876,24,14,12,1052902,58.97,Uttar Pradesh
439,25,Bareilly,5,1890,1797655,951,28,16,14,1068956,59.46,Uttar Pradesh
440,26,Pilibhit,5,1944,1761207,906,16,13,11,1187225,67.41,Uttar Pradesh
441,27,Shahjahanpur,6,2424,2114201,872,16,14,12,1187133,56.15,Uttar Pradesh
442,28,Kheri,5,1868,1770699,948,16,15,13,1136772,64.2,Uttar Pradesh
443,29,Dhaurahra,5,1911,1644674,861,22,8,6,1063953,64.69,Uttar Pradesh
444,30,Sitapur,5,1985,1666126,839,20,12,10,1065222,63.93,Uttar Pradesh
445,31,Hardoi,5,2118,1807119,853,14,11,9,1057847,58.54,Uttar Pradesh
446,32,Misrikh,5,2172,1796932,827,13,13,11,1027382,57.17,Uttar Pradesh
447,33,Unnao,6,2522,2191465,869,19,9,7,1237551,56.47,Uttar Pradesh
448,34,Mohanlalganj,5,2151,2023431,941,25,12,10,1270580,62.79,Uttar Pradesh
449,35,Lucknow,5,1841,2040367,1108,51,15,13,1117630,54.78,Uttar Pradesh
450,36,Rae Bareli,5,1883,1702248,904,34,15,13,959022,56.34,Uttar Pradesh
451,37,Amethi,5,1963,1743515,888,36,27,25,942956,54.08,Uttar Pradesh
452,38,Sultanpur,5,2118,1775196,838,23,15,13,1000764,56.37,Uttar Pradesh
453,39,Pratapgarh,5,1892,1708759,903,25,8,6,915259,53.56,Uttar Pradesh
454,40,Farrukhabad,5,1949,1708585,877,22,9,7,1003241,58.72,Uttar Pradesh
455,41,Etawah,5,2049,1757984,858,17,13,11,1028811,58.52,Uttar Pradesh
456,42,Kannauj,5,2242,1874824,836,22,10,8,1140985,60.86,Uttar Pradesh
457,43,Kanpur,5,1532,1632983,1066,27,14,12,843419,51.65,Uttar Pradesh
458,44,Akbarpur,5,1917,1766121,921,35,14,12,1026633,58.13,Uttar Pradesh
459,45,Jalaun,5,2326,1933358,831,13,5,3,1130746,58.49,Uttar Pradesh
460,46,Jhansi,5,2329,2040739,876,21,11,9,1381130,67.68,Uttar Pradesh
461,47,Hamirpur,5,1244,1749100,1406,18,14,12,1090029,62.32,Uttar Pradesh
462,48,Banda,5,1924,1702024,885,24,8,6,1034912,60.8,Uttar Pradesh
463,49,Fatehpur,6,2045,1839312,899,17,10,8,1044489,56.79,Uttar Pradesh
464,50,Kaushambi,5,1937,1787120,923,22,12,10,975037,54.56,Uttar Pradesh
465,51,Phulpur,5,2158,2010477,932,39,14,12,979077,48.7,Uttar Pradesh
466,52,Allahabad,5,1922,1716160,893,23,14,12,889553,51.83,Uttar Pradesh
467,53,Barabanki,5,2166,1816830,839,17,13,11,1155708,63.61,Uttar Pradesh
468,54,Faizabad,5,2116,1821785,861,31,13,11,1087420,59.69,Uttar Pradesh
469,55,Ambedkar Nagar,5,2062,1785657,866,20,11,9,1090615,61.08,Uttar Pradesh
470,56,Bahraich,5,1942,1729908,891,10,10,8,990143,57.24,Uttar Pradesh
471,57,Kaiserganj,5,2118,1805946,853,12,12,10,982323,54.39,Uttar Pradesh
472,58,Shrawasti,5,2177,1914739,880,19,10,8,997139,52.08,Uttar Pradesh
473,59,Gonda,5,2118,1770248,836,16,15,13,924123,52.2,Uttar Pradesh
474,60,Domariyaganj,5,2248,1885433,839,17,10,8,985330,52.26,Uttar Pradesh
475,61,Basti,5,2316,1845223,797,20,11,9,1055201,57.19,Uttar Pradesh
476,62,Sant Kabir Nagar,5,2255,1962903,870,27,7,5,1063925,54.2,Uttar Pradesh
477,63,Maharajganj,5,2067,1915408,927,21,14,12,1227224,64.07,Uttar Pradesh
478,64,Gorakhpur,5,2157,1981197,918,31,10,8,1184925,59.81,Uttar Pradesh
479,65,Kushi Nagar,5,1963,1761564,897,16,14,12,1053309,59.79,Uttar Pradesh
480,66,Deoria,5,1137,1754195,1543,29,11,9,1015596,57.9,Uttar Pradesh
481,67,Bansgaon,5,1986,1751258,882,11,4,2,969783,55.38,Uttar Pradesh
482,68,Lalganj,5,1956,1751980,896,15,15,13,961064,54.86,Uttar Pradesh
483,69,Azamgarh,5,1987,1789168,900,23,15,13,1029796,57.56,Uttar Pradesh
484,70,Ghosi,5,2119,1991651,940,26,15,13,1141480,57.31,Uttar Pradesh
485,71,Salempur,5,1862,1667282,895,21,15,13,924101,55.43,Uttar Pradesh
486,72,Ballia,5,1996,1822625,913,19,10,8,990571,54.35,Uttar Pradesh
487,73,Jaunpur,5,1899,1867976,984,32,20,18,1041833,55.77,Uttar Pradesh
488,74,Machhlishahr,5,1935,1848306,955,18,15,13,1035410,56.02,Uttar Pradesh
489,75,Ghazipur,5,2050,1881077,918,21,14,12,1107497,58.88,Uttar Pradesh
490,76,Chandauli,5,1835,1756837,957,26,13,11,1086193,61.83,Uttar Pradesh
491,77,Varanasi,5,1819,1856791,1021,102,26,24,1060829,57.13,Uttar Pradesh
492,78,Bhadohi,5,2151,1942514,903,32,12,10,1039863,53.53,Uttar Pradesh
493,79,Mirzapur,5,2089,1845150,883,23,9,7,1109059,60.11,Uttar Pradesh
494,80,Robertsganj,5,1875,1723538,919,24,12,10,988804,57.37,Uttar Pradesh
495,1,Tehri Garhwal,14,2372,1493543,630,15,15,13,879183,58.87,Uttarakhand
496,2,Garhwal,14,2244,1355796,604,12,9,7,748022,55.17,Uttarakhand
497,3,Almora,14,2154,1337808,621,8,6,4,699807,52.31,Uttarakhand
498,4,Nainital-udhamsingh Nagar,14,2204,1828433,830,10,7,5,1261010,68.97,Uttarakhand
499,5,Hardwar,14,2255,1840738,816,20,15,13,1273393,69.18,Uttarakhand
500,1,Cooch behar,7,2010,1814200,903,11,11,9,1525446,84.08,West Bengal
501,2,Alipurduars,7,1834,1648383,899,8,7,5,1381176,83.79,West Bengal
502,3,Jalpaiguri,7,1868,1735464,929,16,12,10,1501379,86.51,West Bengal
503,4,Darjeeling,7,1899,1611317,849,21,16,14,1269666,78.8,West Bengal
504,5,Raiganj,7,1623,1601220,987,15,14,12,1278076,79.82,West Bengal
505,6,Balurghat,7,1530,1431704,936,13,13,11,1198237,83.69,West Bengal
506,7,Maldaha Uttar,7,1713,1685955,984,16,16,13,1355367,80.39,West Bengal
507,8,Maldaha Dakshin,7,1616,1575590,975,12,10,7,1279977,81.24,West Bengal
508,9,Jangipur,7,1762,1616213,917,11,11,8,1304629,80.72,West Bengal
509,10,Baharampur,7,1844,1638378,888,11,11,9,1301033,79.41,West Bengal
510,11,Murshidabad,7,1907,1725187,905,11,11,8,1454192,84.29,West Bengal
511,12,Krishnanagar,7,1812,1631698,900,11,11,9,1366601,83.75,West Bengal
512,13,Ranaghat,7,1971,1762252,894,12,7,5,1484797,84.26,West Bengal
513,14,Bangaon,7,1899,1704632,898,10,10,8,1408653,82.64,West Bengal
514,15,Barrackpore,7,1567,1436431,917,20,15,13,1104699,76.91,West Bengal
515,16,Dum dum,7,1761,1566196,889,15,12,10,1204695,76.92,West Bengal
516,17,Barasat,7,1915,1718252,897,21,12,10,1396194,81.26,West Bengal
517,18,Basirhat,7,1861,1678357,902,14,13,11,1433769,85.43,West Bengal
518,19,Jaynagar,7,1810,1648355,911,12,8,6,1356386,82.29,West Bengal
519,20,Mathurapur,7,1848,1652096,894,9,9,7,1402019,84.86,West Bengal
520,21,Diamond harbour,7,1912,1719190,899,11,10,8,1409373,81.98,West Bengal
521,22,Jadavpur,7,2042,1816857,890,18,13,10,1437283,79.11,West Bengal
522,23,Kolkata Dakshin,7,2031,1728851,851,16,13,11,1207076,69.82,West Bengal
523,24,Kolkata Uttar,7,1862,1444082,776,21,21,19,950639,65.83,West Bengal
524,25,Howrah,7,1868,1633925,875,21,19,17,1222708,74.83,West Bengal
525,26,Uluberia,7,1826,1614988,884,10,10,8,1311120,81.18,West Bengal
526,27,Srerampur,7,2033,1785472,878,11,11,9,1402259,78.54,West Bengal
527,28,Hooghly,7,2039,1766601,866,9,9,7,1458634,82.57,West Bengal
528,29,Arambagh,7,2058,1764726,857,9,9,7,1472462,83.44,West Bengal
529,30,Tamluk,7,1891,1694646,896,12,12,10,1446940,85.38,West Bengal
530,31,Kanthi,7,1860,1660147,893,9,7,5,1424966,85.83,West Bengal
531,32,Ghatal,7,2074,1800002,868,7,7,5,1489338,82.74,West Bengal
532,33,Jhargram,7,1994,1641868,823,13,9,7,1407231,85.71,West Bengal
533,34,Medinipur,7,1930,1674236,867,9,9,7,1410321,84.24,West Bengal
534,35,Purulia,7,1873,1645884,879,15,15,13,1355861,82.38,West Bengal
535,36,Bankura,7,1936,1648906,852,20,15,13,1372645,83.25,West Bengal
536,37,Bishnupur,7,1870,1627199,870,9,9,7,1421191,87.34,West Bengal
537,38,Bardhaman Purba,7,1919,1698089,885,7,7,5,1439603,84.78,West Bengal
538,39,Bardhaman Durgapur,7,2006,1733578,864,6,6,4,1433189,82.67,West Bengal
539,40,Asansol,7,1860,1615865,869,11,10,8,1238151,76.62,West Bengal
540,41,Bolpur,7,1957,1705073,871,7,7,5,1461929,85.74,West Bengal
541,42,Birbhum,7,1908,1699219,891,10,9,7,1450108,85.34,West Bengal
